scanner_model,images,avg_width,avg_height,avg_size_bytes
Flatfield,23,1915.8636363636363,2709.818181818182,16452028.173913043
Official,236,1654.0889830508474,2337.673728813559,13051866.813559322
Tampered images,115,2063.495652173913,2712.295652173913,19736040.95652174
Wikipedia,215,1614.0651162790698,2284.0093023255813,12375963.097674418
